filename,label,reason
normal_000.log,0,normal
normal_001.log,0,normal
normal_002.log,0,normal
normal_003.log,0,normal
normal_004.log,0,normal
normal_005.log,0,normal
normal_006.log,0,normal
normal_007.log,0,normal
normal_008.log,0,normal
normal_009.log,0,normal
normal_010.log,0,normal
normal_011.log,0,normal
normal_012.log,0,normal
normal_013.log,0,normal
normal_014.log,0,normal
normal_015.log,0,normal
normal_016.log,0,normal
normal_017.log,0,normal
normal_018.log,0,normal
normal_019.log,0,normal
normal_020.log,0,normal
normal_021.log,0,normal
normal_022.log,0,normal
normal_023.log,0,normal
normal_024.log,0,normal
normal_025.log,0,normal
normal_026.log,0,normal
normal_027.log,0,normal
normal_028.log,0,normal
normal_029.log,0,normal
normal_030.log,0,normal
normal_031.log,0,normal
normal_032.log,0,normal
normal_033.log,0,normal
normal_034.log,0,normal
normal_035.log,0,normal
normal_036.log,0,normal
normal_037.log,0,normal
normal_038.log,0,normal
normal_039.log,0,normal
normal_040.log,0,normal
normal_041.log,0,normal
normal_042.log,0,normal
normal_043.log,0,normal
normal_044.log,0,normal
normal_045.log,0,normal
normal_046.log,0,normal
normal_047.log,0,normal
normal_048.log,0,normal
normal_049.log,0,normal
normal_050.log,0,normal
normal_051.log,0,normal
normal_052.log,0,normal
normal_053.log,0,normal
normal_054.log,0,normal
normal_055.log,0,normal
normal_056.log,0,normal
normal_057.log,0,normal
normal_058.log,0,normal
normal_059.log,0,normal
normal_060.log,0,normal
normal_061.log,0,normal
normal_062.log,0,normal
normal_063.log,0,normal
normal_064.log,0,normal
normal_065.log,0,normal
normal_066.log,0,normal
normal_067.log,0,normal
normal_068.log,0,normal
normal_069.log,0,normal
normal_070.log,0,normal
normal_071.log,0,normal
normal_072.log,0,normal
normal_073.log,0,normal
normal_074.log,0,normal
normal_075.log,0,normal
normal_076.log,0,normal
normal_077.log,0,normal
normal_078.log,0,normal
normal_079.log,0,normal
normal_080.log,0,normal
normal_081.log,0,normal
normal_082.log,0,normal
normal_083.log,0,normal
normal_084.log,0,normal
normal_085.log,0,normal
normal_086.log,0,normal
normal_087.log,0,normal
normal_088.log,0,normal
normal_089.log,0,normal
normal_090.log,0,normal
normal_091.log,0,normal
normal_092.log,0,normal
normal_093.log,0,normal
normal_094.log,0,normal
normal_095.log,0,normal
normal_096.log,0,normal
normal_097.log,0,normal
normal_098.log,0,normal
normal_099.log,0,normal
normal_100.log,0,normal
normal_101.log,0,normal
normal_102.log,0,normal
normal_103.log,0,normal
normal_104.log,0,normal
normal_105.log,0,normal
normal_106.log,0,normal
normal_107.log,0,normal
normal_108.log,0,normal
normal_109.log,0,normal
normal_110.log,0,normal
normal_111.log,0,normal
normal_112.log,0,normal
normal_113.log,0,normal
normal_114.log,0,normal
normal_115.log,0,normal
normal_116.log,0,normal
normal_117.log,0,normal
normal_118.log,0,normal
normal_119.log,0,normal
normal_120.log,0,normal
normal_121.log,0,normal
normal_122.log,0,normal
normal_123.log,0,normal
normal_124.log,0,normal
normal_125.log,0,normal
normal_126.log,0,normal
normal_127.log,0,normal
normal_128.log,0,normal
normal_129.log,0,normal
normal_130.log,0,normal
normal_131.log,0,normal
normal_132.log,0,normal
normal_133.log,0,normal
normal_134.log,0,normal
normal_135.log,0,normal
normal_136.log,0,normal
normal_137.log,0,normal
normal_138.log,0,normal
normal_139.log,0,normal
normal_140.log,0,normal
normal_141.log,0,normal
normal_142.log,0,normal
normal_143.log,0,normal
normal_144.log,0,normal
normal_145.log,0,normal
normal_146.log,0,normal
normal_147.log,0,normal
normal_148.log,0,normal
normal_149.log,0,normal
flaky_random_000.log,1,random
flaky_external_service_001.log,1,external_service
flaky_order_dependent_002.log,1,order_dependent
flaky_timeout_003.log,1,timeout
flaky_order_dependent_004.log,1,order_dependent
flaky_timeout_005.log,1,timeout
flaky_random_006.log,1,random
flaky_order_dependent_007.log,1,order_dependent
flaky_order_dependent_008.log,1,order_dependent
flaky_network_009.log,1,network
flaky_network_010.log,1,network
flaky_external_service_011.log,1,external_service
flaky_random_012.log,1,random
flaky_external_service_013.log,1,external_service
flaky_timeout_014.log,1,timeout
flaky_timeout_015.log,1,timeout
flaky_network_016.log,1,network
flaky_external_service_017.log,1,external_service
flaky_order_dependent_018.log,1,order_dependent
flaky_network_019.log,1,network
flaky_order_dependent_020.log,1,order_dependent
flaky_random_021.log,1,random
flaky_timeout_022.log,1,timeout
flaky_timeout_023.log,1,timeout
flaky_external_service_024.log,1,external_service
flaky_random_025.log,1,random
flaky_external_service_026.log,1,external_service
flaky_random_027.log,1,random
flaky_timeout_028.log,1,timeout
flaky_external_service_029.log,1,external_service
flaky_network_030.log,1,network
flaky_random_031.log,1,random
flaky_order_dependent_032.log,1,order_dependent
flaky_random_033.log,1,random
flaky_timeout_034.log,1,timeout
flaky_random_035.log,1,random
flaky_order_dependent_036.log,1,order_dependent
flaky_random_037.log,1,random
flaky_network_038.log,1,network
flaky_random_039.log,1,random
flaky_network_040.log,1,network
flaky_timeout_041.log,1,timeout
flaky_external_service_042.log,1,external_service
flaky_order_dependent_043.log,1,order_dependent
flaky_timeout_044.log,1,timeout
flaky_order_dependent_045.log,1,order_dependent
flaky_external_service_046.log,1,external_service
flaky_external_service_047.log,1,external_service
flaky_timeout_048.log,1,timeout
flaky_network_049.log,1,network
